object,property,quality,value
building,height,new,one
dwelling,width,mechanical,two
doors,area,existing,2
dwellings,wide,installed,10
buildings,U-values,external,900mm
system,target primary energy rate,designed,25
insulation,target emission rate,accessible,five
parking spaces,tread,other,0.07
windows,riser,safe,"1,500 millimetres"
walls,floor area,continuous,300mm
it,speed,associated,800 millimetres
stairs,thick,vertical,One
door,building primary energy rate,insulated,1
space,building emission rate,calculated,two years
ventilation,dwelling primary energy rate,replaced,60
people,CO2 emission factor,wheelchair-accessible,900 millimetres
ventilation systems,dwelling emission rate,individual,28 metres
roof,dwelling fabric energy efficiency rate,relevant,1800mm
controls,U-value,effective,three
rooflights,edges,suitable,2m
terminals,category,open,50
window,dimensions,covered,50mm
steps,primary energy factor,large,400mm
premises,gradient,draught-proofed,01:20:00
handrail,cost,horizontal,500 millimetres
areas,target fabric energy efficiency rate,outdoor,proportion
means,number,Mechanical,1000m2
pipework,heat loss,internal,0.7 metres
ties,long,same,3
provision,temperature,natural,4
exit,surfaces,used,1100mm
wall,both sides,combined,100 millimetres
ventilation system,location,major,100mm
cable routes,rise,installing,25mm
information,level difference,any,40
fan,class,whole,220 millimetres
air flow,distance,principal,50 millimetres
water system,depth,indoor,150m2
access route,clear width,similar,0.3
approach route,total cost,access,600mm
bedrooms,total floor area,All,"1,500  millimetres"
glazing,performance,constructed,180 millimetres
boiler,energy performance,variable,270 millimetres
its,ventilation rate,equivalent,300 millimetres
roof windows,gradients,recorded,9 metres
lift,equivalent area,located,160 millimetres
parts,flow rate,free,"1,200 millimetres"
entrance,efficiencies,portable,0.1m2
area,rated output,unisex,1400mm
Provision,construction,minimum,15 degrees
ducts,value,each,90
barrier,primary energy,for entering a dwelling,9mm
background ventilators,one side,smaller,20 litres per second
floor,protective part,clear,3m
systems,design,step-free,20C
Consideration,total number of ventilators,reduced,230mm
cube,thickness,convenient,650mm
People,high,exposed,90mm
approach,efficiency,wheelchair adaptable,one per 100m2
openings,CO2 emissions,given to the building control body,65mm
users,results,manual,0.15m/s
bedroom,feasibility of installing high-efficiency alternative systems,appropriate,75 light source lumens per circuit-watt
service pipes,room temperature,completed,2.5 ties/m2
building control body,extract air categories,alternative accessible,450mm
structure,sections,insulated at ceiling level,16/01/2023 00:00
car park,slope,acceptable,4
renovation,level differences,effective controls,13l/s
they,categories,calculated based on a horizontal position,200 m2
lighting,tie force,Vertical,four
Wheelchair users,going,designed and constructed,0.15
entrances,dimension,between floor levels,180kW
spaces,impact,set to achieve the desired continuous flow rate,0.7
attic,facade area,mounted,500kW
facade,steps,secondary,30
panel,domestic hot water circulation heat loss,single,100
room,reference value,glass,30m2
crawl space,energy consumption,maximised,0.055555556
heating appliance,air leakage rate figure,Reasonable,twice the rise plus the going (2R G)
storeys,design value,rebalanced,between 550mm and 700mm
element,drop,shown to meet the required standard,10 litres per second per person
notice,air flow,primary,6m
seating area,diameter,necessary,280mm
Windows,spread of fire,ambulant,190  millimetres
fans,opening,capable of opening outwards,250 millimetres
work,service life,reverted to domestic use,ten millimetres
free area,pitch,installed in the ground,0.9 metres
requirement,use,total,three metres
Doors,presence,restrict the spread of fire and smoke,one metre
heating system,size,provide safe evacuation,six metres
pipes,surface,facilitate rescue and extinguishing measures,30% load
access routes,deep,planned,23C
water heater,rate of heat release,smoke extraction,Five ventilators
pumping station,automatic flow adjustment,automatic,150mm
duct,luminous efficacy,wheelchair accessible,20
ramps,opening angle,shown to comply with the energy efficiency requirements,25W/m2
water,ventilation,wired,1 in 40
heat emitters,exceptional circumstances,sufficiently spacious,100 litres
sanitary facilities,total flow rate,suitable for their purpose,300 litres
heating systems,proportion,for motor vehicles,1m3/s
their,energy efficiency measures,with visual impairment,0.2
electric vehicle charge point,visual contrast,measured,m3/(hm2) at 50Pa
report,ventilation provision,irrespective of the storey on which the dwelling is located,20mm
System controls,travel distance,sufficient,0.052083333
floors,specification,second,10m
index terminal,that,appropriately sized,0.05
doorset,air extract rate,average,5m
Drawings,air flow rate,thermally insulated,900-1000mm
roofs,Signs,treated as a dwelling,1m2
kitchens,seasonal energy efficiency ratio,full,400kg
rooflight-and-kerb assemblies,rated speed,made and assembled so as to be reasonably airtight,3.3m
cavity closers,shape,openable,850-1000mm
staircases,access,powered,three seconds
Systems,sales counter,business,0.3W/m2
district heat network,heating plant emission rate,provided,40 degrees Celsius
flight,part,in a single location,600kg/m3
Water,air flow rates,public,E
Ventilation,Air flow rates,tight,2.2 metres
landings,reception,met,600 millimetres
habitable room,number of appliances,operate safely,600 x 600 millimetres
sign,air flow resistance,separate-sex,8 per cent (1:12.5)
waterproofing,emission rate,Modular,60 persons
electric vehicle charge points,product certificate,set to a significantly closed position to achieve the required air flow rate,190 kN
rooms,performance standards,ventilated,adequate number
non-residential building,travel,used to calculate,01:08:00
building's,heat recovery,fixed,35 mg/m3 (30 ppm)
waste water,heat exchanger area,added  to  the  thermal  load  of  the  spaces  of  the  building,adequate means
drainage point,absence,being installed,certain proportion
exits,boiler type,PAS 3621 (key locking on both sides),"1,000 millimetres"
fire compartment,design temperature difference,PAS 8621 (non-key locking on the internal face),eight per cent
accommodation,net absorber area,"PAS 10621 (non-key locking on the internal face, but with an external locking override facility)",0.5 kN/m2
driveway,entrance level,calculated using the measured air permeability,2 metres
kitchen,span,partitioned,half a metre
accommodation premises,Manual control,renovating,A
closing devices,primary energy content,through infiltration,20 millimetres
calculation tool,SEER,Insulated,two persons per square metre
structures,control capabilities,built,25 decibels
balconies,input charge,glazed,"1,200 MJ/m2"
residential building,effective rated output,annual,1.3 seconds
joints,load EER,left open,0.15 dm3/s per m2
passageways,calculations,domestic,half
toilet seat,indoor and outdoor conditions,given off by urea formaldehyde foams,20 degrees Celsius
cleanouts,power input from controls,common,0.8 metres
garage,indoor units,electrical,56 metres
measurements,output,undergoes a major renovation,850 millimetres
ramp,manufacturers declared efficiencies,On-site,2.0 m3/(h m2)
extract air,load,technical,15
washrooms,air distribution,built to a minimum standard of total energy performance,55
time switch/programmer,power requirements,environmental,50 m
compartment,sunken area,To reduce the risks to the health of persons in buildings,10 kN
room thermostat,frequency,maximum,70 kN
flooring,Extract,economic,EI 15
handle,means,remaining,EI 30
wet rooms,headroom,waterproofed,44mm
ventilation space or gap,inner surfaces,fire-compartmented,off
entrance door,Length,meets the limiting U-value,2.4m
platform,stairs,approved,200 lux
toilets,step,including any test failures,20 points
stack vent,Level differences,including at the party wall,200 Watts per room
voids,natural light,carried out,50 m2
air,intermediate landing,access to one electric vehicle charge point,55 degrees Celsius
Extinguishing routes,length,suitable for persons with mobility and functional impairment,2.4 metres
appliance,thresholds,centred on the supporting line,400 millimetres
basement storeys,CO2,installed in a minimum of one fifth of the total number of remaining parking spaces,24 degrees Celsius
temperature control,boiler efficiency,reasonably limited,65 degrees Celsius
indoor areas,full width,general,390 millimetres
storey,patterns,appropriately sized for the site and available infrastructure,130 millimetres
air handling units,operation,reasonably draught-proof,32mm
Taps,control function,other than dwellings,15mm
photovoltaic panels,quality of the installation,wet,400-600mm
schools,total supply air flow,reasonably continuous across newly built elements,8.5m2
Handrails,Ventilation,filled,1.501kWhPE/kWh
penetrations,lengths,well fitted,E 15
battery storage,prevailing wind direction,reported to the building control body,0.136kgCO2/kWh
heat sources,design solar load,newly constructed,B
toilet,cross fall,set with the terminal fully open,18 dm3/s
parking,storage capacity,Sufficient,two 
hot water system,capacity,pumped,24 metres
glass,design flow rate,assessed,14 metres
bathrooms,Air permeability,required,21 C
commissioning notice,habitable area,Fixed,7 mg/m3 (6 ppm)
thermostatic room controls,parasitic energy use,replacing,0.06 m2
heat generator,allowance,not be designed to be occupied,120
non-domestic building,above,provided wherever possible,"2,100 millimetres"
Ground floors,away,at a level suitable for a wheelchair user or a seated person,0.35W/(m2K)
water meters,relationship,able to reach and use the controls that summon and direct the lifting device,0.7W/(m2K)
basement,load capacity,so that announcements and conversations can be heard clearly,6mm
device,widened,that is neither too reverberant nor too absorbent,1.2W/(m2K)
cables,extends,employed to achieve,(16.66 8.33 V0.4)/(1000 24)
copy,Unit length,shown to meet an equal level of performance,200 millimetres
shower room,rise between landings,designed to contain printers and photocopiers in substantial use (more than 30 minutes per hour),
building services,Capacities,most suitable means of vertical access,
Background ventilators,internal temperature,located on a facade that is exposed to the prevailing wind,
ventilators,type and quality,Good,
connections,fittings,minimised within the lifting platform to prevent discomfort for people with visual and hearing impairment,
this,glare and reflections,considered when specifying ventilation systems,
thermal elements,installed generation capacity,tested,
sanitary accommodation,water temperature,at a level suitable for wheelchair users,
controlled fitting,energy efficiency,mobility-impaired,
wheelchair users,supports,during use,
construction,number of storeys,preferred,
Purge ventilation,intended purpose,visually,
entrance doors,total extract air flow,acoustically reflective,
bath,total air flow,large enough,
WC/cloakroom,elevation difference,able to reach and use the controls that summon and direct the lifting platform,
boxings,minimum value,designed to avoid the moist air from the wet rooms recirculating to the habitable rooms,
layers,free gap,to allow a wheelchair user or a person pushing a pram to move clear of one door before opening the second door,
window unit,Moisture,allow fresh air into the home,
heat,fire compartmenting requirement,clearly distinguishable against the background,
energy savings,air-tightness,used wherever possible,
space heating system,fire igniting,"not located so that a person, having used the control, needs to move to avoid contact with the door as it opens",
building fabric,water vapour resistance,used for flexible ducting to ensure a good seal,
bathroom,air tightness,capable of extracting at least four air changes per hour per room directly to the outside,
heating,layers,actual,
Ventilation systems,distance of the uppermost floor level from the entry level,continue to operate the fan for at least 15 minutes after the room is vacated,
formaldehyde fumes,distance of the basement storey floor from the entry level,"submitted to the building control body as evidence that the system has been correctly installed, inspected and commissioned",
submission,instantaneous carbon monoxide concentration,capable of continuous operation if required,
fire compartments,pressures,for selecting the high rate of operation,
habitable rooms,directions,required for the purposes of meeting the ventilation standards,
hard water areas,cross-sectional area,inspected to ensure that the following have been achieved,
Extract air,number of occupants,ventilation in each room can be adjusted,
connection,total minimum width,mechanically secured,
electrical output,maximum number of occupants,treated as having one bedroom,
part,protection,adequately sealed to prevent leaks,
living accommodation,standard thickness,provide purge ventilation,
absorption chillers,configuration,reduce pollutants before the office space is occupied or after activities such as painting,
pressure tests,annual percentage of heat,balanced to achieve design air flow rates at each room terminal,
commercial part,fastening points,only a basement,
landing,average carbon monoxide concentration,"fans operating in normal background ventilation mode are not overly noisy, taking into consideration the use and likely background level of noise from other sources",
parking garage,energy savings,Hinged,
boilers,mechanical ventilation,pivot,
resilient layer,"one-hour  A-weighted  equivalent continuous sound level of impulsive, narrow-band or low-frequency noise",not suitable for purge ventilation,
air flows,fire load,apparent,
components,domestic  hot  water cylinder heat loss,prevent the subsequent permeation of any toxic fumes from that material into any part of the building occupied by people,
institutions,reverberation time,at least 500mm apart,
glass structure,fire resistance time requirement,close to an area of sustained and loud noise,
future connection,fire performance,minimise likely wind effects,
light-permeable structure,number of people evacuating,set up to operate without occupant intervention,
opening,fire resistance time,extended into the additional room,
assembly areas,energy  consumption,Continuously running,
load,total combined window area,from inside the dwelling to outside,
system for purge ventilation,sum total,commissioned to provide adequate ventilation,
fan units,floor  plate areas,treated as a single-storey dwelling above ground level,
circulation  piping,annual efficiency of heat recovery from ventilation extract air,commissioned in accordance with an approved procedure,
conservatory,net heating energy demand,Adequate,
gates,topography,available for access to maintain ventilation equipment,
building automation and control system,exposure coefficient,flexible,
basement area,side,avoid draughts,
structural elements,number of persons,full internal diameter is maintained,
hatch,breaking,flow resistance is minimised,
Cable routes,sum,directed,
main doors,inaccuracies,used to insulate the cavity in a cavity wall where there is a continuous barrier which will minimise as far as practicable the passage of fumes to the occupiable parts,
sewerage system,maximum capacity,provided locally to the spaces being served,
light well,axle group load,give off formaldehyde fumes (either when used or later in normal use),
facilities,ending,"at least 1700mm above floor level, to reduce cold draughts",
control,atmosphere,increased,
chairs,vicinity,easy for the occupant to reach,
changing rooms,heat,cannot be achieved through all the terminals,
seats,centre pane U-value,"similar, to allow cross-ventilation",
free space,thermal integrity,from outside to inside the dwelling,
Water pipes,maintained,shut,
timber,cold side,consisting primarily of one storey,
system output,surface temperature,issued by a Notified Body,
heat pump,side edges,made available to the energy assessor and the building control body,
Heat pumps,level with entry,sized,
emitters,Leakage,fully replaced,
envelope,integrity,newly installed,
restrictors,flushing,demonstrated to be more appropriate or effective,
these,installation,flushed in both directions,
multipoint locking system,density,slinky,
unit,projection,"calculated using one of the calculation tools in the approved methodology, used in line with the version policy as stated in the methodology",
fittings,from the top and bottom corners of the door,isolated from the ground array system,
heating circuit,either side,"meets the heating needs of the dwelling, at a maximum flow temperature of 55C or lower",
oil,open outwards,flushed and purged as a separate system,
inhibitor,from the inside face of the wall,improved only if doing so will not cause long-term deterioration of the buildings fabric or fittings,
air pressure test,locations,traditional,
Appliances,surface area,historic,
hold-open devices,"combined dead,imposed and wind loads","signed by a suitably qualified person, detailing how the combined emission factor has been derived",
European Standards,total capital cost,newly created,
smoke control area,selection,estimated using the Standard Assessment Procedure,
lifting platform,termination points,allow the space heating system to operate effectively,
student accommodation,total number,based on a heat gain calculation for the dwelling,
motels,horizontal spacing,"taken at appropriate construction stages for each detail when completed, but prior to closingup works",
covered ways,vertical spacing,Automatic,
Lift door systems,number of wall ties per square metre,"adjustable, using an adjustable damper or other thermostatically controlled method",
ladders,anthracite figure,provided for all direct electric zones of the electric underfloor heating system,
Areas,Geo-location,with an override feature,
Manual controls,compensating measures,Programmable,
porch,measures,they can be commissioned to suitable ventilation rates so that spaces are not significantly over-ventilated,
products,structure,not be sized for more than 120 of the design cooling load,
office,heat emission capacity,not be significantly oversized in most circumstances,
air terminal,agreed level of provision,at least the same as that of the original installation,
Ramps,outputs,gas-fired,
tier,sizes,located and installed subject to the manufacturers guidance,
Duct,insulating performance,local,
sewers,continuity,future,
Controls,Control,used to reduce the volume of water and the pressure difference required from the pumps under part load,
Solid walls,heat gain,selected to meet the full space heating requirement at the design condition chosen for heat loss calculations,
high rate controls,proportion of the cooling load relating to distribution pipework,appropriate to the system,
installation and commissioning checklist,total load,following,
methodology,planned time of use,commissioned to optimise the use of energy for pumping,
situations,total useful floor area,commissioned to ensure that they produce as much electricity as is reasonable in the circumstances,
passenger lift,standards,harmonised,
service building,intended time of use,undertaken on a mixed-use building,
acoustic environment,condition,chemical,
cable duct,service,thermal separation from the existing dwelling,
acoustic design,difference in light reflectance value,for commercial purposes,
text,limits,allowed around the future connection location,
separator or treatment device,calculation of primary energy and CO2 emissions,to install either electric vehicle charge points or cable routes,
wall ties,alongside the leading edge,installing only cable routes,
detrimental physical or chemical substances,Activation,"determined which parking spaces are associated parking spaces for the use of occupants of the dwellings, and which parking spaces are for use by users of the non-residential function of the building",
vehicle barriers,safety features,met by installing charge points in parking spaces that are not within a covered car park,
Biomass heating,time-lapse,carried out on every dwelling,
lobby,entry,to install electric vehicle charge points,
wall surfaces,exit,met by installing a charge point in a parking space that is not within a covered car park,
going,constraints,to install an electric vehicle charge point,
bars and counters,total thickness,other than residential or mixed-use buildings,
refreshment facilities,shallow projecting,not a residential building or a mixed-use building,
Stairs,illuminance,after the major renovation is completed,
door or gate,differences,not a residential building or a mixeduse building,
electrically operated appliance,,protect against scale and corrosion,
petrol,,at least the same extent as in the existing dwelling,
Heating systems,,per detail,
heating circuits,,"carrying out work on an existing system, such as installing or replacing components",
Units,,installed where appropriate,
hot water circuit,,treat the feed water to water heaters and the hot water circuit of combination boilers to reduce lime-scale accumulation,
community heating primary circuit,,taken to improve the energy efficiency of the dwelling,
gas combination boiler,,flushed as one system to remove all debris and purged to remove all air,
photographs,,"enabled to confirm the location, date and time",
screed floors,,"given to the building control body with the design stage dwelling primary energy rate, dwelling emission rate and dwelling fabric energy efficiency rate calculations",
ground arrays,,installing a complete new or replacement system,
onsite electricity generation and storage,,commissioned to ensure that they use no more fuel and power than is reasonable in the circumstances,
sand,,capable of burning both biomass fuel and fossil fuel,
Photographs,,isolated from the ground heat exchanger such that damage to the internal heat exchanger inside the heat pump is avoided,
protective part,,of the calculations,
electricity generation systems,,based on a weighted average for the two fuels,
test data,,supplemented by an alternative appliance,
community heating systems,,excluded,
District heat networks,,not enclosed,
hotels,,for dua-lfuel appliances,
photovoltaic array,,Under-floor,
integral remote,,intended for intermittent or cyclical operation,
guardrail,,installed over unheated rooms,
hermostatic control,,"wide enough to allow people with buggies, people carrying cases or people on crutches to pass others on the access route",
renewable technology,,it contrasts visually with its surrounding,
Variable volume control systems,,provided on each landing in a location that can be easily seen from the lifting device,
wind turbine,,identifying the floor reached,
residential block of flats,,avoided whenever appropriate,
comfort cooling systems,,potential,
combination boiler,,"able to participate fully in conferences, committee meetings and study groups",
entrance halls,,with hearing impairments,
input charge,,designed to suit ambulant disabled people and those with impaired sight,
"administrative, service and business premises",,about the building,
cooling appliance,,always be provided as an alternative means of vertical access,
room thermostats,,chosen,
heat exchanger,,"move safely and easily to and from the seating area and ancillary accommodation, such as lavatories, dining rooms and bedroom suites",
solar collector,,able to locate suitable seating,
heat pump installations,,"considered, provided its installation does not conflict with requirements for means of escape",
oil and grease separators,,able to use presentation facilities,
image,,between the wall and the floor,
indoor steps,,located at different levels,
commissioning plan,,easily obtained from a reception point or gathered from notice boards and signs,
wheelchair platform stairlift,,separated from the structural floor by a layer of insulation with a thermal resistance of at least 1.25(m2K)/W,
filling alarm,,electrically powered,
lifting device,,clearly visible from the building entrance,
district heat networks,,indicating the location of a lifting device accessible by mobility-impaired people,
gap,,where there is a liftway enclosure,
Corridors,,where there is no liftway enclosure and no floor penetration,
barriers,,"designed to allow adequate time for people, and any assistance dogs, to enter or leave the lift without coming into contact with closing doors",
floor areas,,used as appropriate,
sleeping accommodation,,swing-free,
storm water sewers,,needed for fire control,
grease,,designed for independent use by wheelchair users,
lifting platform controls,,"able to identify the door opening within the wall, as well as the leading edge of the door",
landing call buttons,,with impaired sight,
Ground arrays,,is open,
disabled people,,given to providing an area next to certain seats for an assistance dog to rest,
seating,,being made for an accompanied wheelchair user,
air conditioner,,enclosed,
micro combined heat and power system,,located at 90Â° relative to each other,
room temperature sensor,,between the wall and the ceiling,
dwelling units,,to find their way around,
living quarters,,to appreciate the size of a space they have entered,
space heating systems,,between a solar primary and secondary system,
header pipes,,in contact with the outside of the dwelling,
sludge,,when there is no demand for space heating or hot water the heating appliance and pump are switched off,
those,,appropriately incorporated into a singular control system,
boiler interlock,,available to the same building,
manifolds,,not have a CO2 emission factor for delivered heat to the dwelling which is greater than 0.350kgCO2/kWh,
photograph,,being connected to a new dwelling,
internal stairs,,every 1m2,
multi-stage oilfired boilers,,certified by a notified body,
Extract ventilators,,closed,
toileting facilities,,"an appropriate size for the site, available infrastructure and onsite energy demand",
"Windows, skylights and ventilators",,automatically reduce the room temperature at night or when the room is unoccupied,
Uplighters,,selected to modulate down to the typical heating load,
residential unit,,implemented with a cylinder thermostat and a timing device,
communal room,,Independent,
common space,,independently controlled,
WC accommodation,,designed to accommodate heat meter(s) for each dwelling,
WC compartments,,insulated to limit heat losses to not more than 10W/m2,
public address,,external to the heater,
hearing enhancement,,programmable,
telephone systems,,"calculated using the sum of the thermal resistance of the floor finish and the underlying heated layer, multiplied by 10",
WCs (for women),,located between 800mm and 1100mm from the floor of the lifting platform and at least 400mm from any return wall,
urinals (for men),,located between 900mm and 1100mm from the floor of the landing and at least 500mm from any return wall,
urinal,,"be in no doubt as to the location of glass doors, especially when they are within a glazed screen",
male washrooms,,avoid people being harmed by walking into the door,
WC compartment doors,,held open,
shower rooms,,have a choice of seating location at spectator events,
ceilings,,provided as part of the design,
skylights,,removable,
method,,permanent,
baby changing facilities,,working in cooling mode,
bars,,using the same fuel as the microCHP,
accompanied wheelchair users,,regular,
restaurants,,linked to heater firing and fan speed control,
sink,,integrated in the heater,
radiator,,installed for the heating appliance,
towel rail,,apparent to visually impaired people through the careful choice of colour and material for the door and its surroundings,
disabled person,,estimated using the National Calculation Methodology Modelling Guide,
worktop,,treated separately as a single-storey dwelling above ground level,
oven,,controlled on dedicated circuits that can be switched separately from those for lighting provided for general illuminance,
fridge,,specified and installed according to the manufacturers instructions to ensure the overall performance of the system meets a reasonable standard,
fridge freezer,,"derived for the specific application, including free cooling or heat recovery elements",
appliances,,have the ability to use free cooling or heat recovery,
distribution routes,,fitted with a flue condensing kit where feasible and where the boiler is likely to be able to operate in condensing mode,
retaining rail,,Non-condensing,
stop,,supplied,
supply rate,,be possible,
building complexes,,based on the capacity of the equipment installed in the building,
retail parks,,specified,
sports centres,,heated through a district heat network or community heating system,
patio doors,,"be an appropriate size for the site, available infrastructure and on-site energy demand",
balcony doors,,assessed based on the final installed capacity of the heating or air-conditioning system,
Refreshment facilities,,"used in the calculation, including any that are identical",
public areas,,"be wired so that when there is no demand for space heating or hot water, the heating appliance, if appropriate, and pump are switched off",
telephones,,delivered heat to the building which is greater than 0.350kgCO2/kWh,
terraces,,connected to a new building,
commissioning sheet,,"appropriate for the building, its expected usage and the building services specification",
district cooling schemes,,installed with the aim of maximising its efficiency as installed,
cooling energy,,operating at 45% of its rated output with the other two boilers switched off,
Equipment,,used on a closed loop circuit,
Manual reset,,that provide supply and extract ventilation,
life safety,,essential,
Fans,,automated (with manual override),
electric storage heaters,,fitted with variable speed drives,
Air handling systems,,that are rated at more than 1100W,
Lighting,,fitted with or controlled by an appropriate variable speed controller on any variable volume system,
space heating or airconditioning system,,is rated at more than 750W,
cooling units,,fully modulating burner controls,
electricity generation,,be possible if there is an over-temperature trip,
volume systems,,support the design of the system and the intended use,
speed glandless circulators,,automated,
refrigerant flow (VRF) systems,,provided with controls that ensure that the combined plant operates in its most efficient modes,
Linear interpolation,,Multiple,
motor,,designed based on CIBSEs SLL Lighting Handbook or an equivalent design guide,
water pump,,capable of achieving a specific fan power (SFP) at 25 of design flow rate no greater than the SFP achieved at 100 design flow rate,
Gasfired boilers,,"adjusted automatically, based on the internal air temperature",
Public Health Englands Indoor Air Quality Guidelines,,split into different heating zones and each zone should have separate controls for timing and temperature demand,
heat release,,made up of three equally sized boilers,
Display lighting,,Selected Volatile Organic Compounds (VOCs) in the UK,
Supply temperature control,,"treated as a residential building, as long as the commercial part canrevert to residential use",
sunken,,able to wash or bathe either independently or with assistance from others,
danger,,disabled,
induction loop system,,"include a minimum activity space to accommodate people who use crutches, or otherwise have impaired leg movements",
clothes shops,,fitted with support rails,
cubicles,,"have an emergency release mechanism so that they are capable of being opened outwards, from the outside , in case of emergency",
toilet washroom,,for children,
facility,,low level,
surfaces,,contains both living accommodation and space for commercial purposes,
Air handling units,,to reduce overheating risk in residential buildings,
storage,,at least twice as many,
Timing and temperature demand control,,some,
guarding,,"sufficiently spacious to enable a wheelchair user to transfer to one side of a bed, with or without assistance",
lead boiler,,Wheelchair-accessible,
floor level,,chosen carefully to ensure intelligibility,
Glazing,,meet or exceed the free area of the opening,
Ventilation ductwork,,have a minimum manoeuvring space clear of any door swing,
extension,,"able to approach, transfer to and use the sanitary facilities provided within a building",
on-site electricity generation,,comply with all other parts of the Building Regulations,
Turning circle,,provided via a variable set point with outdoor temperature compensation,
lift door,,"possible for them to use both a urinal, where appropriate, and a washbasin at a lower height than is provided for other users",
extract ventilation,,calculated in the same way as when using CHP for heating,
Rigid ducts,,used in conjunction with onsite CHP or a district heat network or community heating system,
ventilation fans,,"avoided in spaces where visual acuity is critical as they will hamper communication for people with impaired vision, and those who lip read or use sign language",
cooker hood,,repeating,
cooker,,shiny,
background ventilator,,divided into distinct wet and dry areas,
ventilator product,,constructed to meet requirement O1 using passive means as far as reasonably practicable,
form,,accessed by wheelchair users,
properties,,lavatory,
Ventilation intakes,,capable of being opened if a person has collapsed against them while inside the cubicle,
living room accommodation,,operable by people with limited strength or manual dexterity,
open-plan space,,WC cubicle,
building work,,sports,
"fans (including cooker hoods, where they extract to the outside)",,recommended for an individual changing cubicle,
flexible ducts,,the signals may overlap,
exhaust outlets,,adjacent,
Calibration,,fitted with a heat recovery system where technically feasible,
escape routes,,provided in a new or existing building log book,
results,,demonstrates that the residential building passes CIBSEs TM59 assessment of overheating,
building owner,,Instantaneous,
projects,,"made to prevent people moving in or about the building from colliding with open windows, skylights or ventilators",
machine,,"designed, constructed and installed as to be safe for people moving between different levels in or about the building",
jubilee clips,,uninterrupted by cross-gangways,
parking bay,,taken throughout the day,
Rigid connectors,,several,
fan unit,,misleading,
CO2 readings,,snapshot,
exhaust air terminal,,considered to be part of the ventilation provision of a building,
Monitors,,that are part of the building,
noise-attenuating background ventilator,,provided by natural means (e.g. an openable window) ormechanical means (e.g. a fan),
ladder,,within reasonable reach of the occupants,
insulating material,,where provided,
cavity,,Manual,
cavity wall,,positioned at least 500mm away from room occupants,
safety features,,not necessary,
CO2 measurements,,Special,
mould,,tapered,
centralised system,,made to prevent,
intermittent extract fan,,with typical moisture generation,
Insulating materials,,lockable in both horizontal and vertical sewers,
Intermittent extract fans,,pass between the upper edge of the barrier and the protective part,
supply terminals,,located separate from one another,
heat recovery systems,,identifiable,
Rooms,,reserved in front of and behind a door located in an exit route,
commissioning manager,,continue onto the intermediate landing without interruption,
access areas,,end up in the sewerage system or network or in the environment,
ducted systems,,not be slippery,
acentral system,,easy to handle,
strategy,,which slides or opens upwards,
Test data,,accessed by children,
power socket,,pass between the stair steps,
installation,,"equipped with an appropriate safety barrier, railing or handrail",
Door entry controls,,condensation insulation,
ground level,,from trapping any person,
projecting corner,,which is powered,
Lifting devices,,from falling onto any person,
visual and audible indicators,,"used as a broad guide to ventilation within a space, rather than treated as safe thresholds",
principal living area,,properly heated,
Double doors,,given to the building control body of the calculations,
nibs,,second (lower),
leaf,,transparent,
key parts of the accommodation,,made,
private curtilage,,made to ensure a clear view of the space on either side of a swing door or gate,
carport,,given to the owner of the building,
grippable handrail,,provided with barriers where it is necessary to protect people in or about the building from falling,
pitch line of the flight,,connected to a building,
blocks of flats,,from the pitch line of the steps (or the surface of the ramp) to the top of the second (lower) handrail,
justification,,full-height structural,
Air pressure tests,,be safely accessible for cleaning,
"technically, functionally and economically feasible measures",,designed as a ramp,
system and its electrical output,,steeper,
extract fan,,be shielded or protected from impact,
ductwork leakage tests,,resist impact without breaking,
Requirements,,break in a way which is unlikely to cause injury,
improvement works,,broken on impact,
principal works,,with which people are likely to come into contact whilst moving in or about the building,
gangways,,translucent,
conservation of fuel and power,,which can be opened by people in or about the building,
design solar load,,no visible,
g-value,,assessed on a case-by-case basis by the building control body,
flights,,fitted,
sloping surfaces,,noise attenuating,
galleries,,close to an area of sustained and loud noise (e.g. a main road),
Gangways,,except in doorways,
raked auditoria,,all,
tiered terraces,,that contain flats,
Remedial work,,unless used by not more than 50 persons,
substantial proportion,,to prevent doors and gates falling if the suspension system fails or the rollers leave the track,
control system,,"constructed or equipped that they may be opened, closed or adjusted safely",
adjoining rooms,,to prevent them coming off the end of the track,
basins,,other effective,
requirements,,sliding,
washing facilities,,in the absence of tobacco smoke or other excessive pollutants,
swimming pools,,made for powered doors and gates to be opened in the event of a power failure,
evacuation areas,,allow fresh air into the building,
cleaning spaces,,sufficient to ensure that changes in the use of the room or space throughout the day are represented in the readings,
Fire,,Standard,
snow load,,at 11pm,
outside space,,correct,
Snow,,providing fixed building services,
rain-water,,taken as their area on plan,
buildings ,,no worse than 0.3,
balcony slab,,commissioned by testing and adjusting as necessary to ensure that it produces the maximum electricity that is reasonable in the circumstances,
balcony,,reasonable,
sealing parts,,on-site electricity generation is installed,
foundation,,commissioned by testing and adjusting as necessary to ensure they use no more fuel and power than is reasonable in the circumstances,
drainage water,,energy efficient to a reasonable standard,
dwelling unit,,"from pipes, ducts and vessels used for space heating, space cooling and hot water services",
handrails,,"gain access to; and (b) use, the dwelling and its facilities",
dry riser,,through thermal elements and other parts of the building fabric,
extract ventilation system,,limiting heat gains and losses,
supply and extract ventilation system,,consequential,
saunas,,"safe and convenient for everyone, including older and disabled people and some wheelchair users",
environment,,balanced against preserving historic buildings or environments,
cold premises,,accessibility,
equipment,,served by fans,
Account,,made for people,
precipices,,achieve satisfactory performance in retests,
Barriers,,situated centrally with a distribution system to supply water to the drawoff points,
loading docks,,"performed following the guidance in the approved airtightness testing methodology, CIBSEs TM23",
Combustion appliances,,positioned with the end opposite to the entry point located against a wall at every floor level,
boom barriers,,finished,
emergency repairs,,close to the liftway,
ventilation valves,,suitable for powering the lifting device,
Routes,,link details as used in the actual building,
Staircases,,from a minimum of five in-situ measurements of the same module types,
Standing areas,,"in line with the approved airtightness testing methodology, CIBSEs TM23",
loading area,,implemented,
materials,,between landings,
separator devices,,to improve the fabric of the building served by the service,
water pipes,,Individual,
vehicle traffic area,,unknown,
courtyard,,consequential improvements should be installed,
chimneys,,being increased,
ventilation equipment,,being extended,
Air flows,,total useful,
working area,,"assessed, and the results documented and handed over to the building owner with the manufacturers supporting literature",
chamber,,"where necessary, ramped",
Dwellings,,to identify the floor reached,
wall covering,,three-part,
watertight connection,,"recirculate air between more than one space, room or zone",
joint,,controllable,
floor structures,,located away from the direct impact of the sources of local pollution,
wet room,,not penetrate to the occupied parts of buildings to an extent which would give rise to an irritant concentration,
exterior wall,,not penetrate to occupied parts of buildings to an extent which would give rise to an irritant concentration,
water removal system,,distributed proportionately to the volume of each habitable room,
slots,,completed for each installation address,
fire-extinguishing system,,checked to ensure it is correctly mounted within the wall or window aperture,
emergency centre,,not separate rooms,
Waterproofing,,considered separately,
water pressure barrier,,above ground level,
Wet room,,adjusted to achieve the required flows at each terminal,
built on site,,adjusted to achieve the required flow rates at each terminal,
elements,,achieved using background ventilators,
audit,,approximately achieve the desired continuous flow rate,
Boards,,tested where it is practical,
Floors,,able to operate in a mode that reduces the risk of the transmission of airborne infection,
foundations,,of the same equivalent area as for other habitable rooms,
construction layers,,gently sloping,
enclosure,,additional allowance,
fire and service rescue equipment,,level,
vapour barriers,,close to the draw-off points,
day-care institutions,,spaced,
day-care centres,,within the area served,
early childhood education premises,,excluding display windows,
system that gives a warning at an early stage of a beginning fire,,at least the same extent as in the existing building,
Humus soil,,wheelchair user can pass a parked car,
organic substances,,"forms all, or part of, the approach route",
waste,,retained,
air barriers,,complex,
seams,,carried out in accordance with CIBSEs TM23,
firefighting and rescue operations,,located in the ceiling,
air duct,,passive stack ventilation,
outdoor air and exhaust air ducts,,downwind of intakes,
shutoff dampers,,kept to a minimum,
stop switch,,final,
chambers,,serves more than three storeys,
evacuation area,,"meet the needs of occupants with differing needs, including some older or disabled people",
exit passageways,,installing a chemical sanitary waste disposal unit,
elevator shafts,,avoid the need for the 300mm access space adjacent to the leading edge of the door,
space for commercial purposes,,capable of including an adult changing table,
sewer,,operate switches and controls,
letter,,use the facilities in the room,
common spaces,,able to manoeuvre around,
toilet and washing facility,,minimise heat gains into common spaces,
free  space,,through vertical risers,
exit enclosure,,Main,
load-bearing structures,,powered opening,
shutoff valves,,available to everybody,
house,,suitable for a wheelchair use,
apartment,,easy to install a lift,
devices,,minimum except where noted,
fixture,,located together at the end of a run,
connector pipe,,tall,
fire wall,,pair of,
drainage wells,,taller than the worktop height,
floor drain,,shut all the time,
Structures,,"designed for wheelchair users, ambulant disabled people, people of either sex with babies and small children or people encumbered by luggage",
residential buildings,,close to an accessible bathroom suitable for a wheelchair user,
cold water pipe,,avoided,
cold water system,,"able to locate a control, know which setting it is on and use it without inadvertently changing its setting",
Sewers,,"designed to give good colour rendering of all surfaces, without creating glare or pools of bright light and strong shadows",
wall structure,,Artificial,
"fixtures, fittings and fixed equipment",,able to reach all the facilities available within the building,
Spaces,,categorised separately,
pedestrian traffic,,shared,
exit route,,derived from the combined total of a buildings publicly accessible facilities,
Attics,,disorientate some visually impaired people,
floor voids,,At night,
Storage premises,,mounted at low or floor level,
hot  water cylinder,,facilities designed for individuals with complex and multiple impairments who may require the assistance of up to two assistants,
sound system,,Changing places toilets,
auditorium,,no less advantageously situated than other bedrooms,
restaurant,,installing a fold-down table,
conference facility,,they can be reached and used by all people independently or with companions,
facility for festive occasions,,modelled as closed,
teaching facility,,accessible to a wheelchair user,
similar assembly facility,,"able to move within, and between, storeys",
public service facility,,allow adaptation of the dwelling to meet the changing needs of occupants over time,
induction loop,,"between the kitchen, dining and living areas",
similar sound transmission system,,dwelling is wheelchair accessible,
building elements,,where required by a local planning authority,
turning  space,,easily altered to meet the needs of a wheelchair user,
hallway,,easily removed without structural alteration,
patient  rooms,,installed to allow the potential liftway to be used as storage or for other purposes,
staircase,,"located between 450mm and 1200mm above floor level, unless the window is fitted with a remote opening device that is within this height range",
Constructions,,"strong enough to support grab rails, seats and other adaptations that could impose a load of up to 1.5kN/m2",
roof structures,,under a stair that forms part of the storage provision,
driveways,,beyond the top and bottom nosings,
design solution,,be stepfree,
emergency exits,,be at the shallowest gradient that can reasonably be achieved,
service routes,,safe and convenient for everyone,
Parapets,,step-free approach route should be provided to a suitable alternative private entrance instead,
panel parts,,not reasonable to achieve a step-free approach route to the principal private entrance,
fasteners,,stepped change of level within the entrance storey should be avoided where possible,
Seats,,provide easy access between rooms on the entrance storey,
standing auditorium,,at least one space is a standard parking bay,
standing rows,,communal,
parking area,,capable of easy operation,
plot,,adopt the shallowest gradient that can reasonably be achieved,
building site,,lever operated,
emergency exit,,clear of all access zones,
crane,,private,
wheels,,as shallow as the site permits,
Their,,prevent scalding of a wheelchair users legs,
safety glass,,insulation to the underside,
warning sign,,clear of top step of any adjacent flight of steps,
mountings,,able to access and use the lift,
toilet facilities,,standard,
Ladders,,wide range,
Joints,,"measured through midline of the worktop, not the front or rear edge",
furnishings,,remains fully open,
devices that will close the door in the event of fire,,overridden by a door reactivating device that relies on appropriate electronic methods (but not a door edge pressure system,
load-bearing element,,meet the needs of occupants who use wheelchairs,
ventilation  system,,allow simple adaptation of the dwelling to meet the needs of occupants who use wheelchairs,
cooling energy production,,close to the communal entrance of each core of the block (or to the lift core where the parking bay is internal),
auxiliary units,,undergoing major renovation,
Exits,,for a non-technical audience,
energy declaration,,have access to either: a. cable routes; b. an electric vehicle charge point,
ground,,"provide healthy, safe and comfortable indoor air quality in occupiable spaces",
fire door,,"extract from indoor air substances that are harmful to health, excessive humidity, odours with adverse effects on comfort and indoor air impurities arising from humans, construction products and activities",
anchoring structures,,produce an adequate outdoor air flow to the building,
them,,"not cause any harmful spread of impurities, in particular odours",
safety lines,,transfer,
column,,recirculation,
columns,,not cause unreasonably vast damages (compartmentation by area),
Entrances,,limited,
playgrounds,,strong,
recreation areas,,flow away from the property in such a way that it does not cause problems to the waste water and storm water systems,
street areas,,minor,
loaded area,,achieve the contrasts in brightness needed for observation,
block of flats,,"not be allowed to ingress the ventilation system via externally mounted air transfer devices in quantities causing damage to the system, lowering air quality or impairing the functioning of the system",
terrace of houses,,not transfer harmfully to the wooden sole plates or upper wall and floor structures,
roof-lights,,from the foundation wall and the base floors concrete slab,
plumbing fixture,,eliminated with equipment in the outdoor space,
water point,,prevent the accumulation of moisture content of wall structures from internal water vapour diffusion or convection that is harmful from the viewpoint of moisture performance of structures,
pressure sewer,,drain off the roof without causing damage to the building,
groundwater zone,,protected against snow loads with a covering,
showers,,one above the other,
wash rooms,,"not be left under new buildings, in their crawl spaces and in their gravel backfills functioning as a drainage layer",
laundry room,,decomposing or rotting from moisture,
heat distribution room,,not be used as recirculation air,
ventilation unit room,,reached from the ground level without a need to pass through the exits of the storeys,
toilet facility,,arranged,
technical utility room,,to basement storeys,
car wash facility,,not change when the air flows of the units are being controlled,
special facilities,,between the rooms and in the ductworks,
outdoor and indoor spaces,,during the heating season,
malfunction detector,,not be designed to be combined in such a way that the directions of air flow between the rooms and in the ductworks may change when the air flows are being controlled,
leak detectors,,below the entry level of the building,
Drains,,above the entry level of the building,
waste water pumping station,,suitable for its purpose for transporting water for fire extinguishing,
pressure gauge,,permanently installed,
thermometers,,take into account children and users of wheelchairs,
Products,,outside the door,
control appliance,,wide enough that they can be used to transport an immobile individual on a stretcher,
insulation layer,,"calculated by increasing the original 1,200 millimetres by 400 millimetres for each additional group of 60 people",
storm water system,,requires,
Door furniture,,lit,
Entrance,,located in cold premises,
ticket dispensing machines,,provided for people in the building,
site,,accessed regularly,
double buggies,,located on the roof of the building,
building type,,uninterrupted,
Skirtings,,easily accessible,
casings,,"neither heat expansion nor forces generated by water flow cause the pipes to shift, loosen, break or make disturbing noises",
living area,,located so that they can be serviced and emptied easily and without causing problems,
remote opening device,,not cause odour problem,
warning,,resistant to earth pressure,
WC doors,,water tight,
shower,,located in a place where it can be easily inspected and serviced,
sinks,,compatible,
clear zone,,not cause glare that endangers safety,
WC pans,,enables safe use and servicing,
that part,,divided into fire compartments,
water seal,,leading to an evacuation area in a non-residential building,
hot water ring duct,,suitable for a person with mobility and functional impairment,
water pipe,,wall to the window of an adjacent fire compartment,
ring duct,,between facing walls of adjacent glazed balconies,
throttling valves,,combined into the same duct,
Waste water,,occur,
door viewer,,causes a hazard,
front doorset,,not spread in a roof or in its underlay,
morticed bolts,,conducted to the outdoors through individual extract air ducts,
Part 2 and 3,,"conducted through individual ducts, or common ducts serving spaces of the same type as regards level of air purity, to the outdoors, into a collection duct installed above the spaces it serves or into an extract air chamber",
timber sheathing,,conducted to vertical ducts,
expanded metal,,form a whole that prevents water from harmfully penetrating into the structures,
resilient material,,External,
common access point,,"not adversely affected by air velocity, thermal radiation, temperature fluctuation, temperature differences or surface temperatures",
gigabit-capable public electronic communications network,,comfortable,
gigabit-ready physical infrastructure,,During the design period of occupancy,
gained via an interconnecting doorset from the garage,,possible to transport an immobile individual on a stretcher via the exit route,
garage doorset,,close automatically when the system shuts down,
interconnecting doorset,,clearly labelled,
secure doorset,,during the hour of use assessed as the most critical,
Window handles,,Moisture-resistant,
access points,,covered by the pool,
cavity walls,,delivered to the dwelling by the district heat network,
leaves,,supplied from a district heat network,
cavities,,thicker,
front door,,upgraded,
electrical installations,,installed tight to the insulation and cavity apertures,
telegraph pole,,Fully insulated,
Buildings,,calculated based on a vertical position,
water meter,,give access for maintenance,
property,,provided above the insulation,
frame components,,boarded,
compliance checklist,,long-term,
cords,,calculated as an alternative to individual target rates for each dwelling,
Beading,,without air gaps between insulation panels and at edges,
mortice lock,,installed tight to the structure,
rim lock,,replaced with the equivalent area of floor with the same U-value as the pool surround,
Door,,fitted below damp-proof course level,
box,,fitted to the structure,
rails,,extend to the foundation block/structure,
stiles,,calculated for the element in the appropriate plane - either horizontal or vertical,
muntins,,chosen to achieve the lowest practicable U-value,
shutters,,used in the calculation of the dwelling primary energy rate and dwelling emission rate,
Frames,,with its appropriate fuel,
Guarding,,calculated using the same averaging methodology,
network distribution point,,same for each newly connected dwelling,
cabinet,,supplied from each heat source,
switches,,supplemented with low-emissivity secondary glazing,
Consumer units,,Single,
wide range of building types,,extend to the wall insulation,
floor-to-wall junctions,,"installed tight to the structure, without air gaps",
details,,worst performing in the product range,
Designs,,chosen for the calculation,
drawings,,calculated for a product range of doors,
Fixings,,removed to ensure a tight fit with the structure and cavities cleared of all debris,
fixings,,avoid any gaps between board edges and between the board facings,
timber frame,,undertaken to confirm that the designed details have been constructed,
leaf lintels,,located in an easily accessible place,
base plate,,isolated against water pressure,
lintel core,,allow water to flow into the floor drain,
meter boxes,,prevent the accumulation of damaging moisture into the roof structure resulting from water vapour diffusion or airflow,
cylinder,,between waterproofing and the floor drain,
heat loss,,located underneath the flooring in wet rooms,
Foundations,,functioning as waterproofing,
blocks,,installed under the flooring and behind the wall covering,
Grommets,,provide waterproofing,
flexible collars,,accessible for inspections and maintenance of the equipment and systems located there,
wall-to-floor junctions,,"form a whole, preventing the transfer of water across the surface of the enclosure into the construction by wind, slanting rain and wind pressure",
existing system,,flow from spaces of higher indoor air purity to spaces of lower indoor air purity,
hot water storage vessel,,sufficiently close access to the building (emergency access road),
mortar joint,,smoke can be extracted from the different premises in the building,
block leaf,,to enhance,
Cavity walls,,flow of replacement air,
Walls,,withstand the loads caused by fan pressure while the shutoff dampers are closed,
thermal element,,against the ground,
thermal energy,,structurally managed,
Mortar snots,,onsite,
Perimeter insulation,,allowing the cellar wall to dry in an outward direction,
Roofs,,concealed by subsequent work,
air gap,,upstand,
rafters,,taken as meaning any other district heat network,
insulant,,"form a whole which is impermeable on all waterproofed surfaces as well as on their seams, penetrations and joints",
insulated plane,,waterproofing,
perimeter insulation,,located on the outer surface of the exterior wall structure against the ground or inside the exterior thermal insulation facing the ground,
plaster-board,,"not freeze in the systems pipes, channels or devices",
damage,,not drift into or migrate as a capillary flow from the wet rooms to the surrounding structures and rooms,
tears,,suitable for its purpose,
gaps,,"free of enclosed, non-ventilated areas",
compressible tape,,fully usable as a ventilation air flow path,
low expansion foam,,positioned,
gables,,leading to the ventilation space or gap of a structure equipped with a ventilation space or gap,
party walls,,rigid enough that the thermal and moisture movements do no damage the wet room waterproofing or surface structures,
Incoming services,,prevent moisture from the surrounding ground and storm water from penetrating the wall structure,
holes,,not feature horizontal structures or patterns that make it possible to climb,
door systems,,safe to move in the rows,
Loft hatches,,"based on the outer developed surface area, which is often greater than the area of the roof opening",
trigeneration scheme,,restricted,
Cooling pipework,,calculation of the room temperature for the summer season,
heating and cooling systems,,dynamic,
Hot water pipework,,"calculated  on  the  basis  of  air  flows,  specific  fan  powers  and operating times for all air handling units and powered roof ventilators in the building",
heating technology,,applied to the load-bearing capacity,
electric resistance heating,,longer,
automatic meter reading,,required to have a longer fire resistance time with respect to integrity E and insulation I than with respect to load-bearing capacity R,
data collection facilities,,between the various storeys,
cases,,used as the surface area of the storeys,
measures,,moving between levels,
electricity,,open in the direction of the exit,
building envelope,,storey-level,
enduse categories,,sealed for water drainage,
cooling,,properly inclined,
display windows,,"behind  surfaces  exposed  to  running  water,  repetitious splash water or water condensation",
Thermal bridging,,demonstrated by a fullscale test,
controlled fittings,,from one balcony to another and to an adjacent fire compartment,
airleakage gaps,,Extensive,
these calculations,,extends above the roofing of a building,
thermal energy streams,,restrict the spread of fire,
hot water circuits,,tied to every floor and roof,
central heating,,Edge,
air-leakage gaps,,from the foundations to the roof level,
hatches,,located in the immediate vicinity of the grid lines of the columns and the walls,
thermal bridging,,not intersect a walkway leading to a play area,
penetrating services,,located inside the building envelope,
boards,,calculated on the basis of the heating of air after heat recovery to supply air temperature and any heating before heat recovery,
Voids,,kept open in normal use,
Wall,,taken into account in heat loss calculations,
places,,drawn up when designing a building,
eaves,,fully  or in  part  above  the  ground,
system for onsite electricity generation,,located  inside  the  building envelopes insulation,
window and door frames,,constructed separately so that in the event of a fire there is no need to use any door that may be in the fire wall,
membranes,,separated by a fire wall,
detailing,,taken  into  account  where  the  use  of  the  systems  is  required  for  indoor temperature control,
pipe,,fire and smoke-proof,
buried part,,designed and installed,
sheathing board,,surrounding the building and other public areas,
airsealing tape,,designed  and implemented,
air barrier,,restricted at least by storey,
window and door units,,wall-type,
levels,,added to the thermal load of the spaces of the building,
,,located  inside  the  building  envelope,
,,not permitted within the building,
,,used  for  sleeping  or  rest,
,,in front of the outside door,
,,divided into 400 m2 parts,
,,uppermost,
,,serving the use of the building,
,,provide access,
,,marked  with  the  International  Symbol  of  Access,
,,located on the level of second storey,
,,essentially relate to the business of the building,
,,non-fire-compartmented,
,,intended for service housing or supported housing of a person with mobility and functional impairment,
,,intended  for  sheltered  housing  or  supported  housing  of  a  person  with mobility or functional impairment,
,,for firefighting operations,
,,partitioned by accommodation room,
,,resistant to the effects of water,
,,exposed to moisture,
,,located at a maximum distance of three meters from the floor drain,
,,located below the height of backwater,
,,easy to open in an emergency,
,,leading to them,
,,from the outside,
,,so close to a neighbouring building that the spread of fire is evident,
,,situated adjacent to a neighbouring building,
,,"divided  into  parts  of  no  more  than  2,400 square  metres",
,,Large,
,,placed between 200 and 300 millimetres from the rear wall,
,,used in the calculations for buildings other than those in intended use categories 1 and 2 outside the occupancy period,
,,open separately into each adjoining fire compartment without a need to open the doors at the same time,
,,Partitioning,
,,used in the wintertime,
,,"protected from snow and ice falling from the roof of the building using snow barriers, taking into account the pitch of the roof",
,,terraced,
,,recreation,
,,abrupt,
,,assembly,
,,explosive,
,,potentially flammable,
,,appropriate for purge ventilation,
,,taken of outside noise,
,,"withstand the load imposed by soil, soil corrosion as well as subsidence of soil",
,,through them,
,,"reserved for pedestrians in connection with vehicle traffic and goods transport routes, doors and gates in the yards of buildings other than single-family houses",
,,marked,
,,"constructed making appropriate use of walkways, roof ladders, safety ladders, roof stairs, roof treads and foot rails",
,,suitable for users of wheelchairs and walking frames with wheels,
,,appropriately located,
,,considering the intended use and functional units of the building and distances in the building,
,,continue past the start and end points of the structure,
,,common play,
,,indicated by appropriate barriers or suitable planted areas,
,,protected by a fixed collision barrier,
,,outfitted with a base that cushions any fall,
,,located in a way that does not restrict pedestrian routes or the space required for opening doors and gates,
,,intended for vehicle traffic,
,,designed and installed to minimise noise,
,,intermittent,
,,easy to close,
,,divided between the buildings in proportion to their areas,
,,conveyed via heat pipes external to the building from a shared heat exchanger or heat generation unit to several buildings,
,,not overly noisy,
,,operating in normal background ventilation mode,
,,notified as soon as possible,
,,not possible to notify the building control body in advance,
,,not cause a danger of an accident,
,,not impede loading and unloading,
,,easily releasable by an adult,
,,used as emergency exits,
,,shaped safely,
,,withstand the load to which it is normally subject,
,,linked,
,,used in an emergency situation,
,,between vertical and horizontal structures,
,,intended for more than 60 persons,
,,limit the easy opening of the window to 100 millimetres,
,,danger of falling,
,,used by children,
,,accessible via the interior,
,,accessible via the interior and exterior of the building,
,,placed around tables,
,,linked to one another in at least four groups,
,,intended for the use of a person with mobility and functional impairment,
,,windswept,
,,calculated span by span,
,,continuing,
,,on the side of the rows,
,,arranged as rows of seating,
,,designed without a reduction factor,
,,acting as parapets,
,,marked in such a way that they can be easily noticed,
,,designed to the concentrated load Qk = 0.3 kN acting on a random spot,
,,danger of collision,
,,designed to an axle load Qk,
,,not posted,
,,stated on this sign in kg/m2,
,,determined together with the crane supplier,
,,protected so as to prevent the danger of collision,
,,"from the surface of a driveway or walkway of the lower edge of a structural element, device or equipment protruding from the building, such as a balcony, bay window, sign, lighting device or awning",
,,from the ground,
,,"separated from pedestrian, play and recreation areas",
,,"leading to room spaces of a non-residential building as well as to residential rooms of a residential building, necessary spaces serving residence and spaces serving the use of the building",
,,not cause a danger of falling or a danger of injury from fragments falling onto persons below,
,,directly accessible from the end of each row,
,,between the floors of the respective rows of seats,
,,sloped,
,,fixed to a base,
,,"based on the developed surface area of the rooflight (U-values), which is often greater than the area of the roof opening",
,,assessed for the whole fabric element,
,,displayed over three lines,
,,intended for everyday use,
,,After a period of non-use of at least eight hours,
,,allows a firm grip,
,,designed and shaped,
,,cannot be conveyed from the drainage points of a building with gravity unloading via a gradient sewer,
,,convey foundation drainage water via drainage wells to a collection well,
,,installed for the entire length,
,,not visible,
,,structural,
,,designed so as to prevent detrimental cross-flow of water from the hot water pipe to the cold water pipe or vice versa,
,,on the end wall,
,,on the side wall,
,,between a door that opens onto a landing and the upper edge of the ramp or flight of stairs,
,,ensured with pressure testing using water,
,,placed so as to divide the passageway into parts no wider than the abovementioned width,
,,located in assembly areas,
,,covered or heated,
,,carried out with household water,
,,service,
,,remove any dirt and debris from the pipe network,
,,Between the locking points,
,,glued in position,
,,mechanically fixed,
,,fitted with child safety devices,
,,looped,
,,After rebating,
,,unheated,
,,uncovered,
,,"located in a place where it is easy to install, read and service and where it cannot freeze",
,,pass between the lower edge of a barriers protective part and the landing or the upper surface or edge of a step,
,,conveyed to the sewer of the water supply plant or for purification property-specifically or to a cesspit,
,,measure the temperature of return water,
,,domestic hot water,
,,mixed domestic hot water,
,,entire pipeline may be cleansed,
,,continue at least 300 millimetres past the start and end points of the structure,
,,cleansed by water rinsing,
,,located near to significant local pollution sources,
,,In connection with repair and alteration work,
,,contains only vertical structures,
,,cleansable,
,,lead to spaces in a dwelling or accommodation facility other than those that are necessary for living,
,,used only as an emergency exit,
,,clearly recorded,
,,designed as ramped access,
,,over its whole length or in part,
,,maximised to enable wheelchair users to approach,
,,"beneath basins, services and pedestals",
,,wall hung (typically with their rim 770-850mm above finished floor level),
,,level access,
,,Wheelchair accessible,
,,carry out all necessary manoeuvres,
,,pass others who are travelling in the opposite direction,
,,approach the building,
,,pass through its openings,
,,to be installed,
,,with a possibility to water damage,
,,leakproof,
,,intended for public use,
,,in connection with saunas,
,,fitted with a floor drain,
,,repair and alteration,
,,detectable,
,,extend to a height of at least 0.7 metres from the surface of the landing or step,
,,available from the hot water plumbing fixture within 20 seconds,
,,connected to the sewer via a drainage fixture,
,,suitable for conveying household water,
,,able to pass through the opening between the plane level and the handrail or wall,
,,fitted with a raised camber to prevent slipping over the edge,
,,"located in a place where they are easy to install, read and service",
,,apartment-specific,
,,withstand internal excess pressure of at least 1 000 kilopascals,
,,cleansable via manholes and fittings,
,,surface-mounted,
,,designed to minimise the intake of external air pollutants,
,,placed sufficiently in advance of the hazard to allow time to stop,
,,included when assessing whether the works constitute a major renovation,
,,outside of the covered car park,
,,not enough,
,,installed in all remaining associated parking spaces,
,,not a requirement to install electric vehicle charge points,
,,installed in a minimum of one fifth of the total number of parking spaces,
,,exempt from the requirement to install the electric vehicle charge point,
,,installing the required electric vehicle charge point and cable routes for electric vehicle charge points,
,,first be applied to those parking spaces outside the covered car park,
,,to install electric vehicle charge points or cable routes,
,,mixed-use,
,,Each,
,,provided from a metered electricity supply point to the future connection location,
,,provided with cable routes,
,,labelled,
,,clearly identified,
,,meet the requirement to install electric vehicle charge points,
,,mixed use,
,,alongside the cable duct,
,,constructed of coursed brickwork or blockwork,
,,sited where access to maintain in future is unrestricted,
,,weatherproof for its location,
,,suitably,
,,sited where a person installing an electric vehicle charge point in future will see it,
,,made reflecting the conditions that can reasonably be foreseen during future use,
,,for design,
,,critical,
,,consistent between all elements of the calculation to allow a fair comparison between the cost of the major renovation and the cost of electric vehicle charge point infrastructure,
,,determining costs,
,,suitable for use by electric vehicles with charging inlets in different places,
,,installing electric vehicle charge points and cable routes,
,,"without causing such deflection or deformation of any part of the building, or such movement of the ground, as will impair the stability of any part of another building",
,,safely,
,,transmitted by it to the ground,
,,sustained,
,,backfilled in a way that avoids damage to the duct,
,,pulled through in future,
,,centrally hinged,
,,provided in a clear manner,
,,solid,
,,"provided to ensure that people can operate, maintain or alter an electrical installation with reasonable safety",
,,given to owners so that it can be used effectively,
,,about the overheating mitigation strategy and its maintenance requirements,
,,"protect persons operating, maintaining or altering the installations from fire or injury",
,,access can be gained to a flat within the building,
,,resist unauthorised access,
,,considered to form part of the overheating mitigation strategy,
,,opened with a very low risk of occupants falling from height,
,,mounted on a wall,
,,demonstrate compliance with Part F of the Building Regulations,
,,sized to prevent the passage of a 100mm sphere,
,,mechanically fixed to the structure of the building in accordance with the manufacturers installation instructions,
,,used in the day and the windows opened only when it is cooler outside,
,,"assessed as a single side, bottom or top hung window",
,,laminated,
,,exist to see callers,
,,laid as straight as possible,
,,next to the doorset,
,,access to cable routes,
,,at its maximum openable angle,
,,carried out so as to ensure that the building is equipped in addition with a common access point for gigabit-capable public electronic communications networks,
,,vehicular,
,,pedestrian,
,,considered to provide useful ventilation,
,,opened securely,
,,available for ventilation during sleeping hours,
,,given to the owner of the building to allow them to use the overheating mitigation strategy effectively,
,,erected,
,,to the full height of the door,
,,signed by a person who is competent to design the residential building,
,,securely held in place,
,,non-primary,
,,avoid any door construction joints,
,,not be so narrow that it might be missed in a single stride,
,,within this height range,
,,fitted without any air gaps,
,,lapped,
,,between the air barrier and the insulation layer,
,,installed when the eaves are still accessible,
,,using proprietary grommets or collars with air-sealing tape or sealant,
,,sealed to the air barrier,
,,at least the equivalent of one full block height (215mm) below the underside of the floor structure/slab and beyond the depth of the floor insulation,
,,extend below the damp-proof course,
,,cavity,
,,Masonry,
,,suitably designed and installed to ensure optimum airtightness,
,,core drilled to limit damage,
,,small as possible,
,,services penetrate the air barrier,
,,Internal,
,,detailed to ensure that insulation in the external wall is continuous,
,,Intermediate,
,,filled with solid material,
,,tongue and groove,
,,ensuring sufficient space to allow adequate screed flow between ducts,
,,considered,
,,calculated for non-exempt buildings with low energy demand,
,,"taped to surrounding structural openings, using air sealing tape",
,,connect to the primary air barrier,
,,applied at junctions and edges,
,,forms the air barrier,
,,above ground,
,,used to achieve a robust and durable seal at these penetrations,
,,careful,
,,penetrated,
,,testing and adjusting as necessary to ensure that it produces the maximum electricity that is reasonable in the circumstances,
,,commissioned,
,,above the cavity closure or barrier,
,,installed to the top of the wall plate,
,,fully filled with insulation,
,,between insulation at the top of the external wall and the cavity wall/timber frame insulation,
,,used for all construction types,
,,minimise how often the air barrier is penetrated,
,,attributed in proportion to the output energy streams,
,,reviewed by the designer and installer,
,,clearly indicate means to limit disruption to the insulation,
,,avoided wherever possible,
,,Complex,
,,pointed within the cavity,
,,fully filled,
,,inner,
,,between the wall and joist,
,,extend to the wall,
,,infilled,
,,between boards,
,,unavoidable,
,,repaired before boarding,
,,considered within reveal soffits,
,,used in reveals to abut jambs,
,,"tight to the structure, cavity closers, lintels and cavity trays",
,,provided for junctions,
,,include specifications for key materials,
,,grouped,
,,"provided to clearly identify the position, continuity and extent of the air barrier",
,,continuous with wall insulation,
,,detailed to achieve continuity of insulation,
,,sealed to the air barrier with air-sealing tape or sealant,
,,used around incoming services,
,,same as those specified in the design for the above-ground main wall element (in masonry construction),
,,below the damp-proof course,
,,from the cylinder,
,,not listed,
,,installed behind the enclosure,
,,recessed,
,,not be continuous,
,,included within the depth of the intermediate floor structure,
,,used in the external wall,
,,where the intermediate floor structure breaches the external wall insulation,
,,not damage the airtightness barrier,
,,thoroughly cleaned and flushed out,
,,uninsulated,
,,700-1000mm above floor level,
,,rigidly supported in a way that avoids impeding finger grip,
,,"extend safely beyond the top and bottom of a flight of steps, or a ramp, to give both stability and warning of the presence of a change in level",
,,set at heights that are convenient for all users of the building,
,,as gentle as possible,
,,within the approach,
,,capable of being held closed when not in use,
,,"accessible to all, particularly wheelchair users and people with limited physical dexterity",
,,open inwards providing that the door can be easily rehung to open outwards,
,,readily apparent against the background of the door,
,,easy to operate by people with limited manual dexterity,
,,manually operated non-powered,
,,between 1350mm and 1450mm above floor level,
,,for use by children and people of short stature,
,,"strong enough to support grab rails, seats and other adaptations that could impose a load of 1.5kN/m2",
,,"people are able to travel along them easily, without excessive effort and without the risk of tripping or falling",
,,surfaced,
,,spaced away from the wall,
,,obtain tickets for pay and display parking,
,,easily recognisable,
,,"allows a person in a wheelchair, or a person of short stature, to gain access close to the machine and reach the payment and ticket dispensing functions",
,,difference in level between the entrance storey and the site entry point is minimised,
,,"designed, within the overall constraints of space",
,,discounted when measuring clear width,
,,convenient for entry into the building,
,,"alight from a vehicle close to the principal entrance, or alternative accessible entrance, of the building",
,,arrive as passengers,
,,with mobility impairments,
,,allowing sufficient reaction time for both parties to avoid a collision,
,,see other people approaching from the opposite direction,
,,appreciate easily where to place their feet by highlighting nosings and avoiding open rises,
,,"wide enough to allow unrestricted passage for a variety of users, including wheelchair users, people carrying luggage, people with assistance dogs, and parents with pushchairs and small children",
,,wider than wheelchairs,
,,alternative,
,,main staff,
,,incorporating ramped access,
,,carefully considered to suit the needs of people who cannot react quickly,
,,clearly sign-posted,
,,permitted,
,,insulated to a degree that is reasonable in the particular case,
,,"when there is no demand for space heating, the heating appliance and pump are switched off",
,,grid-supplied,
,,at a single location,
,,calculated as if the area covered by the pool were replaced with the equivalent area of floor with the same U-value as the pool surround,
,,treat the feed water to water heaters and the hot water circuit of combination boilers to reduce limescale accumulation,
,,both,
,,Energy Related Products Regulations and the Building Regulations both apply,
,,practical,
,,modular,
,,standard thickness,
,,requires thicker glass,
,,always useful,
,,outside,
,,inside,
,,insulated along its whole length,
,,"notified that the analysis of high-efficiency alternative systems has been undertaken, that it is documented and is available to be verified",
,,signed by a suitably qualified person,
,,Accessible,
,,detailing how the CO2 emission factors and primary energy factors have been derived,
,,"enable a wheelchair user to reach and grip the door handle, then open the door without releasing hold on the handle and without the footrest colliding with the return wall",
,,designed to the lowest design temperature possible that will still meet the heating needs of the building,
,,can operate at this temperature,
,,not feasible to install,
,,provided as evidence that the energy efficiency requirements are met,
,,"moved to a new location, in which its intended time of use is less than two years",
,,assessed for the whole thermal element,
,,"based on the developed surface area of the rooflight (U_d values), which is often greater than the area of the roof opening",
,,calculated for the element in the appropriate plane either horizontal or vertical,
,,at least 90 of the annual energy consumption of each fuel can be assigned to an enduse,
,,submetered,
,,appropriate to the requirements of the space,
,,separately monitored,
,,renewable,
,,default,
,,clearly indicated using lighting and surface brightness contrasts or warning signs,
